-- MariaDB dump 10.19-11.2.0-MariaDB, for Win64 (AMD64)
--
-- Host: localhost    Database: rugendo
-- ------------------------------------------------------
-- Server version	11.2.0-MariaDB

/*!40101 SET @OLD_CHARACTER_SET_CLIENT=@@CHARACTER_SET_CLIENT */;
/*!40101 SET @OLD_CHARACTER_SET_RESULTS=@@CHARACTER_SET_RESULTS */;
/*!40101 SET @OLD_COLLATION_CONNECTION=@@COLLATION_CONNECTION */;
/*!40101 SET NAMES utf8mb4 */;
/*!40103 SET @OLD_TIME_ZONE=@@TIME_ZONE */;
/*!40103 SET TIME_ZONE='+00:00' */;
/*!40014 SET @OLD_UNIQUE_CHECKS=@@UNIQUE_CHECKS, UNIQUE_CHECKS=0 */;
/*!40014 SET @OLD_FOREIGN_KEY_CHECKS=@@FOREIGN_KEY_CHECKS, FOREIGN_KEY_CHECKS=0 */;
/*!40101 SET @OLD_SQL_MODE=@@SQL_MODE, SQL_MODE='NO_AUTO_VALUE_ON_ZERO' */;
/*!40111 SET @OLD_SQL_NOTES=@@SQL_NOTES, SQL_NOTES=0 */;

--
-- Table structure for table `boughttickets`
--

DROP TABLE IF EXISTS `boughttickets`;
/*!40101 SET @saved_cs_client     = @@character_set_client */;
/*!40101 SET character_set_client = utf8 */;
CREATE TABLE `boughttickets` (
  `id` int(11) NOT NULL AUTO_INCREMENT,
  `ticketFormatID` int(11) DEFAULT NULL,
  `customerID` int(11) NOT NULL,
  `ticketDate` date NOT NULL,
  `plaqueNumber` varchar(255) NOT NULL,
  `paymentMethodUsed` varchar(255) NOT NULL,
  `timeBought` timestamp NULL DEFAULT current_timestamp(),
  `status` varchar(50) DEFAULT 'BOUGHT',
  PRIMARY KEY (`id`),
  KEY `fk_customer` (`customerID`),
  KEY `fk_ticket_format` (`ticketFormatID`),
  CONSTRAINT `fk_customer` FOREIGN KEY (`customerID`) REFERENCES `users` (`id`),
  CONSTRAINT `fk_ticket_format` FOREIGN KEY (`ticketFormatID`) REFERENCES `ticketformats` (`id`) ON DELETE NO ACTION
) ENGINE=InnoDB AUTO_INCREMENT=763 DEFAULT CHARSET=latin1 COLLATE=latin1_swedish_ci;
/*!40101 SET character_set_client = @saved_cs_client */;

--
-- Dumping data for table `boughttickets`
--

LOCK TABLES `boughttickets` WRITE;
/*!40000 ALTER TABLE `boughttickets` DISABLE KEYS */;
INSERT INTO `boughttickets` VALUES
(2,4,12,'2023-12-12','RAC239P','Momo','2023-08-30 09:02:55','BOUGHT'),
(3,4,12,'2023-12-12','RAC239P','Momo','2023-08-30 09:02:55','BOUGHT'),
(4,1,5,'2023-11-21','RAC849P','Airtel','2023-08-30 09:02:55','BOUGHT'),
(5,1,5,'2023-11-21','RAC849P','Airtel','2023-08-30 09:02:55','BOUGHT'),
(6,1,12,'2023-02-11','RAC312Y','Airtel','2023-08-30 09:02:55','BOUGHT'),
(7,1,12,'2023-02-11','RAC312Y','Airtel','2023-08-30 09:02:55','BOUGHT'),
(8,1,12,'2023-02-11','RAC312Y','Airtel','2023-08-30 09:02:55','BOUGHT'),
(9,1,12,'2023-02-11','RAC312Y','Airtel','2023-08-30 09:02:55','BOUGHT'),
(10,1,12,'2023-02-11','RAC312Y','Airtel','2023-08-30 09:02:55','BOUGHT'),
(11,1,12,'2023-02-11','RAC312Y','Airtel','2023-08-30 09:02:55','BOUGHT'),
(12,1,12,'2023-02-11','RAC312Y','Airtel','2023-08-30 09:02:55','BOUGHT'),
(13,1,12,'2023-02-11','RAC312Y','Airtel','2023-08-30 09:02:55','BOUGHT'),
(14,1,12,'2023-02-11','RAC312Y','Airtel','2023-08-30 09:02:55','BOUGHT'),
(15,4,12,'2023-02-11','RAC312Y','Airtel','2023-08-30 09:02:55','BOUGHT'),
(16,1,12,'2023-02-11','RAC312Y','Airtel','2023-08-30 09:02:55','BOUGHT'),
(17,1,12,'2023-02-11','RAC312Y','Airtel','2023-08-30 09:02:55','BOUGHT'),
(18,1,5,'2023-11-11','RAC342B','mtn','2023-08-30 09:02:55','BOUGHT'),
(19,1,6,'2023-08-24','RAC345B','mtn','2023-08-30 09:02:55','BOUGHT'),
(491,5,24,'2023-09-30','RAC345B','mtn','2023-09-17 18:42:06','BOUGHT'),
(492,5,24,'2023-09-30','RAC345B','mtn','2023-09-17 18:42:10','BOUGHT'),
(493,5,24,'2023-09-30','RAC345B','mtn','2023-09-17 18:43:23','BOUGHT'),
(494,5,24,'2023-09-30','RAC345B','mtn','2023-09-17 18:46:19','BOUGHT'),
(495,5,24,'2023-09-30','RAC345B','mtn','2023-09-17 18:46:39','BOUGHT'),
(496,5,24,'2023-09-30','RAC345B','mtn','2023-09-17 18:49:03','BOUGHT'),
(497,3,24,'2023-09-30','RAC345B','mtn','2023-09-17 18:49:47','BOUGHT'),
(498,1,24,'2023-09-30','RAC345B','mtn','2023-09-17 18:51:53','BOUGHT'),
(499,1,24,'2023-09-30','RAC345B','mtn','2023-09-17 18:52:46','BOUGHT'),
(500,1,24,'2023-09-30','RAC345B','mtn','2023-09-17 18:53:32','BOUGHT'),
(501,3,24,'2023-09-30','RAC345B','mtn','2023-09-18 08:42:42','BOUGHT'),
(502,3,24,'2023-09-30','RAC345B','mtn','2023-09-18 08:43:13','BOUGHT'),
(503,1,24,'2023-09-30','RAC345B','mtn','2023-09-18 09:47:41','BOUGHT'),
(504,1,6,'2023-09-30','RAC345B','mtn','2023-09-18 18:18:17','BOUGHT'),
(505,2,6,'2023-09-30','RAC345B','mtn','2023-09-18 18:37:00','BOUGHT'),
(506,2,6,'2023-09-30','RAC345B','mtn','2023-09-18 18:37:05','CANCELLED'),
(507,3,24,'2023-09-30','RAC345B','mtn','2023-09-18 20:46:22','BOUGHT'),
(508,1,24,'2023-09-30','RAC345B','mtn','2023-09-19 10:55:05','BOUGHT'),
(509,1,24,'2023-09-30','RAC345B','mtn','2023-09-19 10:57:26','BOUGHT'),
(510,1,24,'2023-09-30','RAC345B','mtn','2023-09-19 11:01:50','BOUGHT'),
(511,1,24,'2023-09-30','RAC345B','mtn','2023-09-19 11:01:50','BOUGHT'),
(512,1,24,'2023-09-30','RAC345B','mtn','2023-09-19 11:04:49','BOUGHT'),
(513,1,24,'2023-09-30','RAC345B','mtn','2023-09-19 11:04:49','BOUGHT'),
(514,1,24,'2023-09-30','RAC345B','mtn','2023-09-19 11:06:15','BOUGHT'),
(515,1,24,'2023-09-30','RAC345B','mtn','2023-09-19 11:06:15','BOUGHT'),
(516,1,24,'2023-09-30','RAC345B','mtn','2023-09-19 11:06:43','BOUGHT'),
(517,1,24,'2023-09-30','RAC345B','mtn','2023-09-19 11:06:43','BOUGHT'),
(518,1,24,'2023-09-30','RAC345B','mtn','2023-09-19 11:09:17','BOUGHT'),
(519,1,24,'2023-09-30','RAC345B','mtn','2023-09-19 11:09:17','BOUGHT'),
(520,1,24,'2023-09-30','RAC345B','mtn','2023-09-19 11:09:39','BOUGHT'),
(521,1,24,'2023-09-30','RAC345B','mtn','2023-09-19 11:09:39','BOUGHT'),
(522,1,24,'2023-09-30','RAC345B','mtn','2023-09-19 11:10:11','BOUGHT'),
(523,1,24,'2023-09-30','RAC345B','mtn','2023-09-19 11:10:11','BOUGHT'),
(524,1,24,'2023-09-30','RAC345B','mtn','2023-09-19 11:10:29','BOUGHT'),
(525,1,24,'2023-09-30','RAC345B','mtn','2023-09-19 11:10:29','BOUGHT'),
(526,1,24,'2023-09-30','RAC345B','mtn','2023-09-19 11:10:34','BOUGHT'),
(527,1,24,'2023-09-30','RAC345B','mtn','2023-09-19 11:10:34','BOUGHT'),
(528,1,24,'2023-09-30','RAC345B','mtn','2023-09-19 11:10:57','BOUGHT'),
(529,1,24,'2023-09-30','RAC345B','mtn','2023-09-19 11:10:57','BOUGHT'),
(530,1,24,'2023-09-30','RAC345B','mtn','2023-09-19 11:11:01','BOUGHT'),
(531,1,24,'2023-09-30','RAC345B','mtn','2023-09-19 11:11:01','BOUGHT'),
(532,1,24,'2023-09-29','RAC345B','mtn','2023-09-19 11:12:27','BOUGHT'),
(533,1,24,'2023-09-29','RAC345B','mtn','2023-09-19 11:12:28','BOUGHT'),
(534,1,24,'2023-09-29','RAC345B','mtn','2023-09-19 11:12:28','BOUGHT'),
(535,1,24,'2023-09-28','RAC345B','mtn','2023-09-19 13:08:21','BOUGHT'),
(536,1,24,'2023-09-28','RAC345B','mtn','2023-09-19 13:55:12','BOUGHT'),
(537,1,24,'2023-09-28','RAC345B','mtn','2023-09-19 13:56:48','BOUGHT'),
(538,1,5,'2023-09-29','RAC345B','mtn','2023-09-19 13:59:02','BOUGHT'),
(539,1,5,'2023-09-29','RAC345B','mtn','2023-09-19 14:00:10','BOUGHT'),
(540,1,5,'2023-09-29','RAC345B','mtn','2023-09-19 14:01:22','BOUGHT'),
(541,1,5,'2023-09-29','RAC345B','mtn','2023-09-19 14:01:51','BOUGHT'),
(542,1,5,'2023-09-29','RAC345B','mtn','2023-09-19 14:02:19','BOUGHT'),
(543,1,5,'2023-09-29','RAC345B','mtn','2023-09-19 14:03:09','BOUGHT'),
(544,1,5,'2023-09-29','RAC345B','mtn','2023-09-19 14:04:20','BOUGHT'),
(545,1,5,'2023-09-29','RAC345B','mtn','2023-09-19 14:04:54','BOUGHT'),
(546,1,5,'2023-09-29','RAC345B','mtn','2023-09-19 14:06:25','BOUGHT'),
(547,1,5,'2023-09-29','RAC345B','mtn','2023-09-19 14:08:19','BOUGHT'),
(548,1,5,'2023-09-29','RAC345B','mtn','2023-09-19 14:08:51','BOUGHT'),
(549,1,5,'2023-09-29','RAC345B','mtn','2023-09-19 17:24:33','BOUGHT'),
(550,1,5,'2023-09-29','RAC345B','mtn','2023-09-19 17:26:04','BOUGHT'),
(551,1,5,'2023-09-29','RAC345B','mtn','2023-09-19 17:26:25','BOUGHT'),
(552,1,5,'2023-09-29','RAC345B','mtn','2023-09-19 17:27:15','BOUGHT'),
(553,1,5,'2023-09-29','RAC345B','mtn','2023-09-19 17:30:22','BOUGHT'),
(554,1,5,'2023-09-29','RAC345B','mtn','2023-09-19 17:38:43','BOUGHT'),
(555,1,5,'2023-09-29','RAC345B','mtn','2023-09-19 17:47:38','BOUGHT'),
(556,1,5,'2023-09-29','RAC345B','mtn','2023-09-19 17:48:28','BOUGHT'),
(557,1,5,'2023-09-29','RAC345B','mtn','2023-09-19 17:49:30','BOUGHT'),
(558,1,5,'2023-09-29','RAC345B','mtn','2023-09-19 17:51:49','BOUGHT'),
(559,1,5,'2023-09-29','RAC345B','mtn','2023-09-19 17:52:15','BOUGHT'),
(560,1,5,'2023-09-25','RAC345B','mtn','2023-09-19 17:54:53','BOUGHT'),
(561,1,5,'2023-09-25','RAC345B','mtn','2023-09-19 17:57:25','BOUGHT'),
(562,1,5,'2023-09-25','RAC345B','mtn','2023-09-19 17:58:22','BOUGHT'),
(563,1,5,'2023-09-25','RAC345B','mtn','2023-09-19 17:58:54','BOUGHT'),
(564,1,5,'2023-09-25','RAC345B','mtn','2023-09-19 17:59:39','BOUGHT'),
(565,1,5,'2023-09-25','RAC345B','mtn','2023-09-19 17:59:39','BOUGHT'),
(566,1,5,'2023-09-25','RAC345B','mtn','2023-09-19 18:01:33','BOUGHT'),
(567,1,5,'2023-09-25','RAC345B','mtn','2023-09-19 18:02:44','BOUGHT'),
(568,1,5,'2023-09-25','RAC345B','mtn','2023-09-19 18:03:12','BOUGHT'),
(569,1,5,'2023-09-25','RAC345B','mtn','2023-09-19 18:04:19','BOUGHT'),
(570,1,5,'2023-09-25','RAC345B','mtn','2023-09-19 18:04:42','BOUGHT'),
(571,1,5,'2023-09-25','RAC345B','mtn','2023-09-19 18:06:09','BOUGHT'),
(572,1,5,'2023-09-25','RAC345B','mtn','2023-09-19 18:06:45','BOUGHT'),
(573,1,5,'2023-09-25','RAC345B','mtn','2023-09-19 18:07:40','BOUGHT'),
(574,1,5,'2023-09-25','RAC345B','mtn','2023-09-19 18:07:47','BOUGHT'),
(575,1,5,'2023-09-25','RAC345B','mtn','2023-09-19 18:09:16','BOUGHT'),
(576,1,5,'2023-09-25','RAC345B','mtn','2023-09-19 18:11:01','BOUGHT'),
(577,1,5,'2023-09-25','RAC345B','mtn','2023-09-19 18:12:10','BOUGHT'),
(578,1,5,'2023-09-25','RAC345B','mtn','2023-09-19 18:12:19','BOUGHT'),
(579,1,5,'2023-09-25','RAC345B','mtn','2023-09-19 18:14:03','BOUGHT'),
(580,1,5,'2023-09-25','RAC345B','mtn','2023-09-19 18:14:03','BOUGHT'),
(581,1,5,'2023-09-25','RAC345B','mtn','2023-09-19 18:14:26','BOUGHT'),
(582,1,5,'2023-09-25','RAC345B','mtn','2023-09-19 18:14:26','BOUGHT'),
(583,1,5,'2023-09-25','RAC345B','mtn','2023-09-19 18:15:21','BOUGHT'),
(584,1,5,'2023-09-25','RAC345B','mtn','2023-09-19 18:16:53','BOUGHT'),
(585,1,5,'2023-09-25','RAC345B','mtn','2023-09-19 18:16:58','BOUGHT'),
(586,1,5,'2023-09-25','RAC345B','mtn','2023-09-19 18:18:47','BOUGHT'),
(587,1,5,'2023-09-25','RAC345B','mtn','2023-09-19 18:18:53','BOUGHT'),
(588,1,5,'2023-09-25','RAC345B','mtn','2023-09-19 18:18:58','BOUGHT'),
(589,1,5,'2023-09-25','RAC345B','mtn','2023-09-19 18:20:31','BOUGHT'),
(590,1,5,'2023-09-25','RAC345B','mtn','2023-09-19 19:28:22','BOUGHT'),
(591,1,5,'2023-09-25','RAC345B','mtn','2023-09-19 19:28:42','BOUGHT'),
(592,1,5,'2023-09-25','RAC345B','mtn','2023-09-19 19:29:09','BOUGHT'),
(593,1,5,'2023-09-25','RAC345B','mtn','2023-09-19 19:30:11','BOUGHT'),
(594,1,5,'2023-09-25','RAC345B','mtn','2023-09-19 19:30:37','BOUGHT'),
(595,1,5,'2023-09-25','RAC345B','mtn','2023-09-19 19:31:33','BOUGHT'),
(596,1,5,'2023-09-25','RAC345B','mtn','2023-09-19 19:32:08','BOUGHT'),
(597,1,5,'2023-09-25','RAC345B','mtn','2023-09-19 19:40:56','BOUGHT'),
(598,1,5,'2023-09-25','RAC345B','mtn','2023-09-19 19:41:29','BOUGHT'),
(599,1,5,'2023-09-25','RAC345B','mtn','2023-09-19 19:41:42','BOUGHT'),
(600,1,5,'2023-09-25','RAC345B','mtn','2023-09-19 19:59:43','BOUGHT'),
(601,1,5,'2023-09-25','RAC345B','mtn','2023-09-19 19:59:57','BOUGHT'),
(602,1,5,'2023-09-25','RAC345B','mtn','2023-09-19 20:00:16','BOUGHT'),
(603,1,5,'2023-09-25','RAC345B','mtn','2023-09-19 20:01:28','BOUGHT'),
(604,1,5,'2023-09-25','RAC345B','mtn','2023-09-19 20:04:32','BOUGHT'),
(605,1,5,'2023-09-25','RAC345B','mtn','2023-09-19 20:05:23','BOUGHT'),
(606,1,5,'2023-09-25','RAC345B','mtn','2023-09-19 20:07:45','BOUGHT'),
(607,1,5,'2023-09-25','RAC345B','mtn','2023-09-19 20:09:47','BOUGHT'),
(608,1,5,'2023-09-25','RAC345B','mtn','2023-09-19 20:10:44','BOUGHT'),
(609,1,5,'2023-09-25','RAC345B','mtn','2023-09-19 20:10:57','BOUGHT'),
(610,1,5,'2023-09-25','RAC345B','mtn','2023-09-19 20:12:47','BOUGHT'),
(611,1,5,'2023-09-25','RAC345B','mtn','2023-09-19 20:13:04','BOUGHT'),
(612,1,5,'2023-09-25','RAC345B','mtn','2023-09-19 20:14:07','BOUGHT'),
(613,1,5,'2023-09-25','RAC345B','mtn','2023-09-19 20:14:11','BOUGHT'),
(614,1,5,'2023-09-25','RAC345B','mtn','2023-09-19 20:14:57','BOUGHT'),
(615,1,5,'2023-09-25','RAC345B','mtn','2023-09-19 20:16:07','BOUGHT'),
(616,1,5,'2023-09-25','RAC345B','mtn','2023-09-19 20:16:22','BOUGHT'),
(617,1,5,'2023-09-25','RAC345B','mtn','2023-09-19 20:16:39','BOUGHT'),
(618,1,5,'2023-09-25','RAC345B','mtn','2023-09-19 20:25:34','BOUGHT'),
(619,1,5,'2023-09-25','RAC345B','mtn','2023-09-19 20:27:04','BOUGHT'),
(620,1,5,'2023-09-25','RAC345B','mtn','2023-09-19 20:39:51','BOUGHT'),
(621,1,5,'2023-09-25','RAC345B','mtn','2023-09-19 20:40:31','BOUGHT'),
(622,1,5,'2023-09-25','RAC345B','mtn','2023-09-19 20:53:26','BOUGHT'),
(623,1,5,'2023-09-25','RAC345B','mtn','2023-09-19 20:53:38','BOUGHT'),
(624,1,5,'2023-09-25','RAC345B','mtn','2023-09-19 20:53:57','BOUGHT'),
(625,1,5,'2023-09-25','RAC345B','mtn','2023-09-19 20:54:17','BOUGHT'),
(626,1,5,'2023-09-25','RAC345B','mtn','2023-09-19 20:55:31','BOUGHT'),
(627,1,5,'2023-09-25','RAC345B','mtn','2023-09-19 20:56:03','BOUGHT'),
(628,1,5,'2023-09-25','RAC345B','mtn','2023-09-19 20:56:29','BOUGHT'),
(629,1,5,'2023-09-25','RAC345B','mtn','2023-09-19 20:57:08','BOUGHT'),
(630,1,5,'2023-09-25','RAC345B','mtn','2023-09-19 20:58:54','BOUGHT'),
(631,1,5,'2023-09-25','RAC345B','mtn','2023-09-20 06:44:25','BOUGHT'),
(632,1,5,'2023-09-25','RAC345B','mtn','2023-09-20 06:44:52','BOUGHT'),
(633,1,5,'2023-09-25','RAC345B','mtn','2023-09-20 06:52:33','BOUGHT'),
(634,1,5,'2023-09-25','RAC345B','mtn','2023-09-20 06:53:05','BOUGHT'),
(635,1,5,'2023-09-25','RAC345B','mtn','2023-09-20 06:53:52','BOUGHT'),
(636,1,5,'2023-09-25','RAC345B','mtn','2023-09-20 06:57:39','BOUGHT'),
(637,1,5,'2023-09-25','RAC345B','mtn','2023-09-20 06:59:11','BOUGHT'),
(638,1,5,'2023-09-25','RAC345B','mtn','2023-09-20 07:01:00','BOUGHT'),
(639,1,5,'2023-09-25','RAC345B','mtn','2023-09-20 07:02:10','BOUGHT'),
(640,1,5,'2023-09-25','RAC345B','mtn','2023-09-20 07:03:09','BOUGHT'),
(641,1,5,'2023-09-25','RAC345B','mtn','2023-09-20 07:03:36','BOUGHT'),
(642,1,5,'2023-09-25','RAC345B','mtn','2023-09-20 07:04:23','BOUGHT'),
(643,1,5,'2023-09-25','RAC345B','mtn','2023-09-20 07:38:27','BOUGHT'),
(644,1,5,'2023-09-25','RAC345B','mtn','2023-09-20 07:39:15','BOUGHT'),
(645,1,5,'2023-09-25','RAC345B','mtn','2023-09-20 07:46:59','BOUGHT'),
(646,1,5,'2023-09-24','RAC345B','mtn','2023-09-20 07:51:18','BOUGHT'),
(647,1,5,'2023-09-24','RAC345B','mtn','2023-09-20 07:51:18','BOUGHT'),
(648,1,5,'2023-09-24','RAC345B','mtn','2023-09-20 07:51:18','BOUGHT'),
(649,1,5,'2023-09-24','RAC345B','mtn','2023-09-20 09:09:37','BOUGHT'),
(650,1,5,'2023-09-24','RAC345B','mtn','2023-09-20 09:09:37','BOUGHT'),
(651,1,5,'2023-09-24','RAC345B','mtn','2023-09-20 09:09:37','BOUGHT'),
(652,1,5,'2023-09-24','RAC345B','mtn','2023-09-20 09:12:09','BOUGHT'),
(653,1,5,'2023-09-24','RAC345B','mtn','2023-09-20 09:12:09','BOUGHT'),
(654,1,5,'2023-09-24','RAC345B','mtn','2023-09-20 09:12:09','BOUGHT'),
(655,1,5,'2023-09-24','RAC345B','mtn','2023-09-20 09:13:09','BOUGHT'),
(656,1,5,'2023-09-24','RAC345B','mtn','2023-09-20 09:13:09','BOUGHT'),
(657,1,5,'2023-09-24','RAC345B','mtn','2023-09-20 09:13:09','BOUGHT'),
(658,1,5,'2023-09-24','RAC345B','mtn','2023-09-20 09:15:41','BOUGHT'),
(659,1,5,'2023-09-24','RAC345B','mtn','2023-09-20 09:15:41','BOUGHT'),
(660,1,5,'2023-09-24','RAC345B','mtn','2023-09-20 09:15:41','BOUGHT'),
(661,1,5,'2023-09-24','RAC345B','mtn','2023-09-20 09:19:51','BOUGHT'),
(662,1,5,'2023-09-24','RAC345B','mtn','2023-09-20 09:19:51','BOUGHT'),
(663,1,5,'2023-09-24','RAC345B','mtn','2023-09-20 09:19:51','BOUGHT'),
(664,1,5,'2023-09-24','RAC345B','mtn','2023-09-20 09:20:14','BOUGHT'),
(665,1,5,'2023-09-24','RAC345B','mtn','2023-09-20 09:20:14','BOUGHT'),
(666,1,5,'2023-09-24','RAC345B','mtn','2023-09-20 09:20:14','BOUGHT'),
(667,1,5,'2023-09-24','RAC345B','mtn','2023-09-20 09:30:25','BOUGHT'),
(668,1,5,'2023-09-24','RAC345B','mtn','2023-09-20 09:30:26','BOUGHT'),
(669,1,5,'2023-09-24','RAC345B','mtn','2023-09-20 09:30:26','BOUGHT'),
(670,1,5,'2023-09-24','RAC345B','mtn','2023-09-20 09:31:36','BOUGHT'),
(671,1,5,'2023-09-24','RAC345B','mtn','2023-09-20 09:31:36','BOUGHT'),
(672,1,5,'2023-09-24','RAC345B','mtn','2023-09-20 09:31:36','BOUGHT'),
(673,1,5,'2023-10-01','RAC345B','mtn','2023-09-20 09:33:20','BOUGHT'),
(674,1,5,'2023-10-01','RAC345B','mtn','2023-09-20 09:33:20','BOUGHT'),
(675,1,5,'2023-10-01','RAC345B','mtn','2023-09-20 09:33:20','BOUGHT'),
(676,1,5,'2023-10-01','RAC345B','mtn','2023-09-20 09:33:20','BOUGHT'),
(677,1,6,'2023-10-01','RAC345B','mtn','2023-09-20 09:58:19','BOUGHT'),
(678,1,6,'2023-10-01','RAC345B','mtn','2023-09-20 09:58:19','BOUGHT'),
(679,1,6,'2023-10-02','RAC345B','mtn','2023-09-20 10:12:54','BOUGHT'),
(680,1,6,'2023-09-27','RAC345B','mtn','2023-09-20 19:36:48','BOUGHT'),
(681,1,6,'2023-09-27','RAC345B','mtn','2023-09-20 19:36:48','BOUGHT'),
(682,1,6,'2023-09-27','RAC345B','mtn','2023-09-20 19:37:44','BOUGHT'),
(683,1,6,'2023-09-27','RAC345B','mtn','2023-09-20 19:37:44','BOUGHT'),
(684,7,5,'2023-10-02','RAC345B','mtn','2023-09-21 10:18:39','BOUGHT'),
(685,7,5,'2023-10-02','RAC345B','mtn','2023-09-21 10:18:39','BOUGHT'),
(686,1,25,'2023-10-04','RAC345B','mtn','2023-09-21 13:24:24','BOUGHT'),
(687,1,25,'2023-10-04','RAC345B','mtn','2023-09-21 13:24:24','BOUGHT'),
(688,1,25,'2023-10-04','RAC345B','mtn','2023-09-21 13:24:24','BOUGHT'),
(689,1,25,'2023-10-04','RAC345B','mtn','2023-09-21 13:24:24','BOUGHT'),
(690,3,5,'2023-10-08','RAC345B','mtn','2023-09-26 10:13:49','BOUGHT'),
(691,3,5,'2023-10-08','RAC345B','mtn','2023-09-26 10:13:49','BOUGHT'),
(692,3,6,'2023-10-08','RAC345B','mtn','2023-09-26 13:23:36','BOUGHT'),
(693,3,6,'2023-10-08','RAC345B','mtn','2023-09-26 13:23:36','CANCELLED'),
(694,3,6,'2023-10-08','RAC345B','mtn','2023-09-26 13:23:36','CANCELLED'),
(695,3,6,'2023-10-06','RAC345B','mtn','2023-09-26 14:27:31','BOUGHT'),
(696,3,6,'2023-10-06','RAC345B','mtn','2023-09-26 14:27:31','BOUGHT'),
(697,16,6,'2023-10-08','RAC345B','mtn','2023-09-26 21:05:56','BOUGHT'),
(698,3,27,'2023-10-06','RAC345B','mtn','2023-09-27 09:19:10','BOUGHT'),
(699,3,27,'2023-10-06','RAC345B','mtn','2023-09-27 09:19:10','CANCELLED'),
(700,3,6,'2023-10-06','RAC345B','mtn','2023-09-27 09:32:00','BOUGHT'),
(701,3,6,'2023-10-06','RAC345B','mtn','2023-09-27 09:32:00','BOUGHT'),
(702,3,6,'2023-10-06','RAC345B','mtn','2023-09-27 09:32:00','CANCELLED'),
(703,3,6,'2023-10-06','RAC345B','mtn','2023-09-27 09:32:00','CANCELLED'),
(704,3,5,'2023-10-05','RAC345B','mtn','2023-09-27 15:52:52','BOUGHT'),
(705,3,27,'2023-10-05','RAC345B','mtn','2023-09-27 15:57:02','BOUGHT'),
(706,3,27,'2023-10-05','RAC345B','mtn','2023-09-27 15:57:02','BOUGHT'),
(707,3,6,'2023-10-28','RAC345B','mtn','2023-10-01 09:25:40','BOUGHT'),
(708,3,6,'2023-10-19','RAC345B','mtn','2023-10-01 09:25:40','BOUGHT'),
(709,11,6,'2023-10-17','RAC345B','mtn','2023-10-01 09:56:46','BOUGHT'),
(710,3,5,'2023-10-02','RAC345B','mtn','2023-10-02 10:02:29','BOUGHT'),
(711,3,5,'2023-10-02','RAC345B','mtn','2023-10-02 10:02:29','BOUGHT'),
(712,3,5,'2023-10-02','RAC345B','mtn','2023-10-02 10:02:29','BOUGHT'),
(713,1,6,'2023-10-21','RAC345B','mtn','2023-10-14 09:28:02','BOUGHT'),
(714,1,6,'2023-10-21','RAC345B','mtn','2023-10-14 09:28:02','BOUGHT'),
(715,3,6,'2023-10-14','RAC345B','mtn','2023-10-14 09:44:05','BOUGHT'),
(716,3,6,'2023-10-14','RAC345B','mtn','2023-10-14 09:44:05','BOUGHT'),
(717,3,6,'2023-10-14','RAC345B','mtn','2023-10-14 09:44:05','BOUGHT'),
(718,3,6,'2023-10-14','RAC345B','mtn','2023-10-14 09:46:02','BOUGHT'),
(719,3,6,'2023-10-14','RAC345B','mtn','2023-10-14 09:46:02','BOUGHT'),
(720,3,6,'2023-10-14','RAC345B','mtn','2023-10-14 09:46:02','BOUGHT'),
(721,17,6,'2023-10-16','RAC345B','mtn','2023-10-16 10:58:43','BOUGHT'),
(722,17,6,'2023-10-16','RAC345B','mtn','2023-10-16 10:58:43','BOUGHT'),
(723,17,6,'2023-10-16','RAC345B','mtn','2023-10-16 10:58:43','BOUGHT'),
(724,1,6,'2023-10-19','RAC345B','mtn','2023-10-16 13:13:55','BOUGHT'),
(725,1,6,'2023-10-19','RAC345B','mtn','2023-10-16 13:13:55','BOUGHT'),
(726,1,6,'2023-10-19','RAC345B','mtn','2023-10-16 13:13:55','BOUGHT'),
(727,27,6,'2023-10-28','RAC345B','mtn','2023-10-28 17:44:20','BOUGHT'),
(728,27,6,'2023-10-28','RAC345B','mtn','2023-10-28 17:44:20','BOUGHT'),
(729,27,6,'2023-10-28','RAC345B','mtn','2023-10-28 17:44:42','BOUGHT'),
(730,27,6,'2023-10-28','RAC345B','mtn','2023-10-28 17:44:42','BOUGHT'),
(731,27,6,'2023-10-28','RAC345B','mtn','2023-10-28 17:45:20','BOUGHT'),
(732,27,6,'2023-10-28','RAC345B','mtn','2023-10-28 17:45:20','BOUGHT'),
(733,27,6,'2023-10-29','RAC345B','mtn','2023-10-28 21:27:55','BOUGHT'),
(734,27,6,'2023-10-29','RAC345B','mtn','2023-10-28 21:27:55','BOUGHT'),
(735,27,6,'2023-10-29','RAC345B','mtn','2023-10-28 21:27:55','BOUGHT'),
(736,27,6,'2023-10-29','RAC345B','mtn','2023-10-28 21:27:55','BOUGHT'),
(737,27,6,'2023-10-29','RAC345B','mtn','2023-10-28 21:27:55','BOUGHT'),
(738,27,6,'2023-10-29','RAC345B','mtn','2023-10-28 21:27:55','BOUGHT'),
(739,22,6,'2023-10-29','RAC345B','mtn','2023-10-28 21:31:41','BOUGHT'),
(740,22,6,'2023-10-29','RAC345B','mtn','2023-10-28 21:31:41','BOUGHT'),
(741,22,6,'2023-10-29','RAC345B','mtn','2023-10-28 21:31:41','BOUGHT'),
(742,22,6,'2023-10-29','RAC345B','mtn','2023-10-28 21:31:41','BOUGHT'),
(743,22,6,'2023-10-29','RAC345B','mtn','2023-10-28 21:31:41','BOUGHT'),
(744,22,6,'2023-10-29','RAC345B','mtn','2023-10-28 21:32:52','BOUGHT'),
(745,22,6,'2023-10-29','RAC345B','mtn','2023-10-28 21:32:52','BOUGHT'),
(746,22,6,'2023-10-29','RAC345B','mtn','2023-10-28 21:32:52','BOUGHT'),
(747,22,6,'2023-10-29','RAC345B','mtn','2023-10-28 21:32:52','BOUGHT'),
(748,22,6,'2023-10-29','RAC345B','mtn','2023-10-28 21:32:52','BOUGHT'),
(749,1,6,'2023-10-29','RAC345B','mtn','2023-10-28 22:09:11','BOUGHT'),
(750,1,6,'2023-10-29','RAC345B','mtn','2023-10-28 22:09:11','BOUGHT'),
(751,2,6,'2023-10-29','RAC345B','mtn','2023-10-28 22:10:45','BOUGHT'),
(752,18,6,'2023-10-29','RAC345B','mtn','2023-10-28 22:13:55','BOUGHT'),
(753,16,6,'2023-10-29','RAC345B','mtn','2023-10-28 22:15:01','BOUGHT'),
(754,19,6,'2023-10-29','RAC345B','mtn','2023-10-28 22:17:42','BOUGHT'),
(755,19,6,'2023-10-29','RAC345B','mtn','2023-10-28 22:17:42','BOUGHT'),
(756,19,6,'2023-10-29','RAC345B','mtn','2023-10-28 22:17:42','BOUGHT'),
(757,22,5,'2023-10-29','RAC345B','mtn','2023-10-29 09:14:11','BOUGHT'),
(758,22,5,'2023-10-29','RAC345B','mtn','2023-10-29 09:14:11','BOUGHT'),
(759,22,5,'2023-10-29','RAC345B','mtn','2023-10-29 09:16:20','BOUGHT'),
(760,22,5,'2023-10-29','RAC345B','mtn','2023-10-29 09:16:20','BOUGHT'),
(761,22,5,'2023-10-29','RAC345B','mtn','2023-10-29 09:18:50','BOUGHT'),
(762,22,5,'2023-10-30','RAC345B','mtn','2023-10-29 09:18:50','BOUGHT');
/*!40000 ALTER TABLE `boughttickets` ENABLE KEYS */;
UNLOCK TABLES;

--
-- Table structure for table `buses`
--

DROP TABLE IF EXISTS `buses`;
/*!40101 SET @saved_cs_client     = @@character_set_client */;
/*!40101 SET character_set_client = utf8 */;
CREATE TABLE `buses` (
  `id` int(11) NOT NULL AUTO_INCREMENT,
  `plaqueNumber` varchar(20) NOT NULL,
  `maxCapacity` int(11) NOT NULL,
  `model` varchar(50) NOT NULL,
  `password` varchar(255) NOT NULL,
  `companyID` int(11) NOT NULL,
  PRIMARY KEY (`id`),
  KEY `companyID` (`companyID`),
  CONSTRAINT `buses_ibfk_1` FOREIGN KEY (`companyID`) REFERENCES `companies` (`companyID`)
) ENGINE=InnoDB AUTO_INCREMENT=8 DEFAULT CHARSET=latin1 COLLATE=latin1_swedish_ci;
/*!40101 SET character_set_client = @saved_cs_client */;

--
-- Dumping data for table `buses`
--

LOCK TABLES `buses` WRITE;
/*!40000 ALTER TABLE `buses` DISABLE KEYS */;
INSERT INTO `buses` VALUES
(1,'RAC123A',40,'COASTER','$2b$10$e0iUpGlSLkYgSW3xIH9qx.P4eKO.PLkznjvt4FXl2tEkDnBCfsyPa',160),
(2,'RAD456B',40,'COASTER','$2b$10$JsKup78ZyW8qZb3lmPcT3OEM0WGkFbzYFk4YkgM0IXkHKPpmYTa1e',160),
(3,'RAC390B',30,'COASTER','$2b$10$99J7mMC6uk8fhfVZRdm6VO9c4hkjXmFYG.iy5zbTVOaxJLcOJcEEK',160),
(4,'RAC000B',30,'COASTER','$2b$10$GU43Sq7MsgXYOzi01Jncwef2YMSY.pESiT80/Qlm2zlS.6DEOmoRq',160),
(5,'RAB839L',30,'COASTER','$2b$10$MZTVrjQa4NyhemdPknjQhujlLDnQq8.zUFQ9SNiIINBQ3bs8cEVcu',160),
(6,'RAC951Y',50,'COASTER','$2b$10$K3DVoirg3kPX0TtTJF6p0eyEs5Tr5Z0ofcsx4mLjyxL.EAQXBvFX6',160),
(7,'RAD873G',40,'COASTER','$2b$10$7rDoSKqH3Riq6Rx9RhK7KuhrE5nv5qYfl0gumrUl6GR7QA9HNXk/2',160);
/*!40000 ALTER TABLE `buses` ENABLE KEYS */;
UNLOCK TABLES;

--
-- Table structure for table `companies`
--

DROP TABLE IF EXISTS `companies`;
/*!40101 SET @saved_cs_client     = @@character_set_client */;
/*!40101 SET character_set_client = utf8 */;
CREATE TABLE `companies` (
  `companyID` int(11) NOT NULL,
  `companyName` varchar(255) DEFAULT NULL,
  `companyLocation` varchar(255) DEFAULT NULL,
  `workLocations` text DEFAULT NULL,
  PRIMARY KEY (`companyID`)
) ENGINE=InnoDB DEFAULT CHARSET=latin1 COLLATE=latin1_swedish_ci;
/*!40101 SET character_set_client = @saved_cs_client */;

--
-- Dumping data for table `companies`
--

LOCK TABLES `companies` WRITE;
/*!40000 ALTER TABLE `companies` DISABLE KEYS */;
INSERT INTO `companies` VALUES
(0,NULL,NULL,NULL),
(104,'YAHOO CAR EXPRESS','Kigali','6, 9, 10, 11, 143'),
(139,'EXCEL TRAVEL AND TOURS AGENCY LTD','Kigali','4, 9, 10, 53, 69, 126, 136'),
(160,'VOLCANO EXPRESS','Kigali','130, 96, 40, 7, 32, 129, 128, 68, 10, 37, 4, 5, 41'),
(191,'SELECT EXPRESS AGENCY','Kigali','1, 48'),
(207,'FIDELITY EXPRESS','Kigali','3, 10, 18, 96'),
(306,'OMEGA EXPRESS','Kigali','10, 32, 80, 137'),
(328,'RUHIRE EXPRESS','Kigali','1, 21, 26, 140'),
(395,'VIRUNGA EXPRESS','Kigali','3, 5, 6, 7, 10, 11'),
(410,'NILE SAFARIS EXPRESS','Kigali','3, 5, 10, 47, 130, 137'),
(438,'KIGALI COACH TOURS AND TRAVEL LTD','Kigali','3, 5, 10'),
(482,'STELLA EXPRESS','Kigali','6, 10, 24, 47'),
(498,'LACOLOMBE EXPRESS','Kigali','5, 68, 94'),
(593,'STAR EXPRESS','Kigali','134, 135, 10, 37, 67, 40, 4, 53, 136, 126, 52, 57, 49, 55, 54'),
(597,'INDONYI EXPRESS','Kigali','10, 11, 79, 144'),
(629,'ALPHA EXPRESS','Kigali','10, 32, 137'),
(632,'CITY EXPRESS','Kigali','4, 49, 51, 52, 53, 55, 57, 60, 126, 136, 139'),
(653,'DIFFERENT EXPRESS','Kigali','3, 6, 7, 10, 11, 13, 142'),
(679,'SHALOM TRANSPORTATION LTD','Kigali','4, 5, 10, 13, 53, 80, 91, 95'),
(683,'HORIZON EXPRESS','Kigali','32, 131, 39, 132, 133, 37, 10, 68, 4, 41'),
(689,'MATUNDA EXPRESS','Kigali','1, 47, 48, 101, 141'),
(789,'CAPITAL EXPRESS','Kigali','10, 68, 80, 90, 137'),
(852,'INTERNATIONAL EXPRESS','Kigali','10, 18, 21, 43, 69, 75, 94'),
(897,'KIVU BELT EXPRESS','Rubavu','5, 10, 68, 91, 94'),
(937,'EAST AFRICAN BUS EXPRESS','Kigali','10, 41, 43, 71, 72, 138');
/*!40000 ALTER TABLE `companies` ENABLE KEYS */;
UNLOCK TABLES;

--
-- Table structure for table `deliveries`
--

DROP TABLE IF EXISTS `deliveries`;
/*!40101 SET @saved_cs_client     = @@character_set_client */;
/*!40101 SET character_set_client = utf8 */;
CREATE TABLE `deliveries` (
  `ID` int(11) NOT NULL AUTO_INCREMENT,
  `SenderID` int(11) DEFAULT NULL,
  `TicketFormatID` int(11) DEFAULT NULL,
  `Description` text DEFAULT NULL,
  `ReceiverName` varchar(255) DEFAULT NULL,
  `ReceiverPhone` varchar(15) DEFAULT NULL,
  `DeliveryDate` date DEFAULT NULL,
  `TimeForDelivery` time DEFAULT NULL,
  `timePaid` timestamp NULL DEFAULT current_timestamp(),
  PRIMARY KEY (`ID`),
  KEY `SenderID` (`SenderID`),
  KEY `TicketFormatID` (`TicketFormatID`),
  CONSTRAINT `deliveries_ibfk_1` FOREIGN KEY (`SenderID`) REFERENCES `users` (`id`),
  CONSTRAINT `deliveries_ibfk_2` FOREIGN KEY (`TicketFormatID`) REFERENCES `ticketformats` (`id`)
) ENGINE=InnoDB AUTO_INCREMENT=18 DEFAULT CHARSET=latin1 COLLATE=latin1_swedish_ci;
/*!40101 SET character_set_client = @saved_cs_client */;

--
-- Dumping data for table `deliveries`
--

LOCK TABLES `deliveries` WRITE;
/*!40000 ALTER TABLE `deliveries` DISABLE KEYS */;
INSERT INTO `deliveries` VALUES
(2,24,1,'Egg 10 10','Muhirwa Romain','+250791826733','2023-09-30','12:30:00','2023-09-19 06:45:12'),
(3,24,1,'Eggs 4 10, Banana 5 10','Muhirwa Romain','+250791826732','2023-09-30','12:30:00','2023-09-19 06:45:12'),
(4,24,1,'Egg 10 10','Muhirwa Romain','+250791826733','2023-09-30','12:30:00','2023-09-19 06:45:12'),
(9,24,1,'Egg 10 10','Muhirwa Romain','+250791826733','2023-09-30','15:00:00','2023-09-19 06:45:12'),
(10,24,1,'Eggs 4 10, Banana 30 30','Muhirwa Romain','+250791826732','2023-09-30','16:00:00','2023-09-19 08:05:23'),
(11,24,1,'Eggs 4 10','Igor Roggy','0791816733','2023-09-30','16:00:00','2023-09-19 08:11:05'),
(12,24,2,'Phones 10 10, Banana 20 30, Pens 0.1 20','Muhirwa Romain','+250791826732','2023-09-30','00:10:00','2023-09-19 09:22:38'),
(13,24,2,'Phones 10 10, Banana 30 30, Pens 0.1 20','Muhirwa Romain','+250791826732','2023-09-30','00:10:00','2023-09-19 09:27:12'),
(14,5,7,'Phones 222 10','one piece red','+250791826732','2023-10-02','17:00:00','2023-09-21 10:24:49'),
(15,5,1,'Chicken 5 1, Rice 20 1','Muhirwa Romain','+250791826732','2023-10-04','16:00:00','2023-09-21 13:28:50'),
(16,6,1,'Bag_of_Rice 30 1','Muhirwa Romain','+250791826732','2023-10-04','16:00:00','2023-09-22 05:55:50'),
(17,6,3,'Bag_of_Rice 20 1','Muhirwa Romain','+250791826732','2023-10-06','12:30:00','2023-09-26 14:32:49');
/*!40000 ALTER TABLE `deliveries` ENABLE KEYS */;
UNLOCK TABLES;

--
-- Table structure for table `locations`
--

DROP TABLE IF EXISTS `locations`;
/*!40101 SET @saved_cs_client     = @@character_set_client */;
/*!40101 SET character_set_client = utf8 */;
CREATE TABLE `locations` (
  `location_id` int(11) NOT NULL AUTO_INCREMENT,
  `location_name` varchar(255) NOT NULL,
  PRIMARY KEY (`location_id`),
  UNIQUE KEY `location_name` (`location_name`)
) ENGINE=InnoDB AUTO_INCREMENT=146 DEFAULT CHARSET=latin1 COLLATE=latin1_swedish_ci;
/*!40101 SET character_set_client = @saved_cs_client */;

--
-- Dumping data for table `locations`
--

LOCK TABLES `locations` WRITE;
/*!40000 ALTER TABLE `locations` DISABLE KEYS */;
INSERT INTO `locations` VALUES
(145,'AKANYARU(Bas)'),
(33,'AKANYARU(Haut)'),
(13,'BASE'),
(51,'BATIMENT'),
(71,'BIRAMBO'),
(43,'BUHANDA'),
(130,'BUKAVU'),
(95,'BURERA'),
(17,'BUTARO'),
(42,'BYIMANA'),
(96,'CYANIKA'),
(73,'CYEZA'),
(30,'GABIRO'),
(54,'GAHEMBE'),
(138,'GAHUNDUGURU'),
(18,'GAKENKE'),
(34,'GAKOMA'),
(40,'GASARENDA'),
(19,'GASEKE'),
(104,'GASETSA'),
(52,'GASHORA'),
(103,'GATORE'),
(7,'GATUNA'),
(6,'GICUMBI'),
(35,'GISAGARA'),
(81,'GISHYITA'),
(61,'GISIZA'),
(75,'GITWE'),
(82,'HANIKA'),
(32,'HUYE'),
(97,'JANJA'),
(142,'KABALE'),
(46,'KABARONDO'),
(20,'KABARORE'),
(92,'KABAYA'),
(134,'KABUGA'),
(58,'KABUKUBA'),
(72,'KADUHA'),
(21,'KAGITUMBA'),
(56,'KAMABUYE'),
(131,'KAMIRABAGENZI'),
(79,'KAMONYI'),
(129,'KAMPALA'),
(128,'KANYARU'),
(26,'KARAMA'),
(22,'KARANGAZI'),
(135,'KARENGE'),
(87,'KARENGERA'),
(80,'KARONGI'),
(70,'KAYENZI'),
(24,'KAYONZA'),
(39,'KIBEHO'),
(99,'KIDAHO'),
(1,'KIGALI'),
(62,'KIGEYO'),
(78,'KINAZI'),
(98,'KINIGI'),
(12,'KINIHIRA'),
(25,'KIRAMURUZI'),
(102,'KIREHE'),
(14,'KIVUYE'),
(28,'KIZIGURO'),
(136,'LIZIYERI'),
(141,'MAHAMA'),
(45,'MANWARI'),
(27,'MATIMBA'),
(143,'MIMURI'),
(83,'MUBUGA'),
(77,'MUGINA'),
(36,'MUGOMBWA'),
(84,'MUGONERO'),
(68,'MUHANGA'),
(93,'MUKAMIRA'),
(132,'MUNINI'),
(3,'MUSANZE'),
(139,'MUSENYI'),
(44,'MUSHUBATI'),
(67,'MUSHUBI'),
(133,'NDAGO'),
(127,'NEMBA'),
(15,'NGARAMA'),
(47,'NGOMA'),
(94,'NGORORERO'),
(74,'NYABIKENKE'),
(10,'NYABUGOGO'),
(9,'NYAGATARE'),
(37,'NYAMAGABE'),
(85,'NYAMASHEKE'),
(53,'NYAMATA'),
(101,'NYAMUGARI'),
(88,'NYANGE'),
(50,'NYANKORA'),
(4,'NYANZA'),
(38,'NYARUGURU'),
(89,'RAMBURA'),
(126,'RAMIRO'),
(69,'REMERA'),
(60,'RILIMA'),
(59,'RIZIYERI'),
(5,'RUBAVU'),
(90,'RUBENGERA'),
(144,'RUGARIKA'),
(76,'RUGOBAGOBA'),
(41,'RUHANGO'),
(55,'RUHUHA'),
(11,'RUKOMO'),
(8,'RUSHAKI'),
(137,'RUSIZI'),
(48,'RUSUMO'),
(16,'RUTARE'),
(91,'RUTSIRO'),
(2,'RWAMAGANA'),
(31,'RWEMPASHA'),
(29,'RWIMIYAGA'),
(23,'RYABEGA'),
(57,'SAKE'),
(140,'TABAGWE'),
(86,'TYAZO'),
(100,'VUNGA'),
(49,'ZAZA');
/*!40000 ALTER TABLE `locations` ENABLE KEYS */;
UNLOCK TABLES;

--
-- Temporary table structure for view `locationssorted`
--

DROP TABLE IF EXISTS `locationssorted`;
/*!50001 DROP VIEW IF EXISTS `locationssorted`*/;
SET @saved_cs_client     = @@character_set_client;
SET character_set_client = utf8;
/*!50001 CREATE VIEW `locationssorted` AS SELECT
 1 AS `location_id`,
  1 AS `location_name` */;
SET character_set_client = @saved_cs_client;

--
-- Table structure for table `pricestandards`
--

DROP TABLE IF EXISTS `pricestandards`;
/*!40101 SET @saved_cs_client     = @@character_set_client */;
/*!40101 SET character_set_client = utf8 */;
CREATE TABLE `pricestandards` (
  `ID` int(11) NOT NULL AUTO_INCREMENT,
  `fromLocation` int(11) DEFAULT NULL,
  `toLocation` int(11) DEFAULT NULL,
  `price` decimal(10,2) DEFAULT NULL,
  `description` text DEFAULT NULL,
  PRIMARY KEY (`ID`),
  KEY `fromLocation` (`fromLocation`),
  KEY `toLocation` (`toLocation`),
  CONSTRAINT `pricestandards_ibfk_1` FOREIGN KEY (`fromLocation`) REFERENCES `locations` (`location_id`),
  CONSTRAINT `pricestandards_ibfk_2` FOREIGN KEY (`toLocation`) REFERENCES `locations` (`location_id`)
) ENGINE=InnoDB AUTO_INCREMENT=231 DEFAULT CHARSET=latin1 COLLATE=latin1_swedish_ci;
/*!40101 SET character_set_client = @saved_cs_client */;

--
-- Dumping data for table `pricestandards`
--

LOCK TABLES `pricestandards` WRITE;
/*!40000 ALTER TABLE `pricestandards` DISABLE KEYS */;
INSERT INTO `pricestandards` VALUES
(1,6,7,1070.00,'GICUMBI-GATUNA'),
(2,6,9,3180.00,'GICUMBI-RUSHAKI-NYAGATARE'),
(3,10,7,2380.00,'NYABUGOGO-GATUNA'),
(4,10,6,1680.00,'NYABUGOGO-GICUMBI'),
(5,11,7,1030.00,'RUKOMO-GATUNA'),
(6,6,13,1450.00,'GICUMBI-KINIHIRA-BASE'),
(7,6,14,1450.00,'GICUMBI-KIVUYE'),
(8,6,8,1610.00,'GICUMBI-RUSHAKI'),
(9,6,15,2180.00,'GICUMBI-NGARAMA'),
(10,6,11,300.00,'GICUMBI-RUKOMO'),
(11,6,16,1450.00,'GICUMBI-RUTARE'),
(12,8,9,1680.00,'RUSHAKI-NYAGATARE'),
(13,10,11,1490.00,'NYABUGOGO-RUKOMO'),
(14,6,17,3190.00,'GICUMBI-BUTARO'),
(15,6,3,3190.00,'GICUMBI-MUSANZE'),
(16,6,18,2470.00,'GICUMBI-GAKENKE'),
(17,19,10,870.00,'NYABUGOGO-GASEKE'),
(18,6,19,870.00,'GICUMBI-GASEKE'),
(19,20,21,2130.00,'KABARORE-KAGITUMBA'),
(20,20,22,770.00,'KABARORE-KARANGAZI'),
(21,20,23,910.00,'KABARORE-RYABEGA'),
(22,24,20,1380.00,'KAYONZA-KABARORE'),
(23,24,25,460.00,'KAYONZA-KIRAMURUZI'),
(24,24,9,2620.00,'KAYONZA-NYAGATARE'),
(25,10,24,2290.00,'NYABUGOGO-REMERA-KAYONZA'),
(26,25,20,770.00,'KIRAMURUZI-KABARORE'),
(27,9,6,3320.00,'NYAGATARE-KARAMA-GICUMBI'),
(28,9,20,1220.00,'NYAGATARE-KABARORE'),
(29,9,21,1580.00,'NYAGATARE-KAGITUMBA'),
(30,9,26,1100.00,'NYAGATARE-KARAMA'),
(31,9,26,1250.00,'NYAGATARE-RUKOMO-KARAMA'),
(32,9,22,770.00,'NYAGATARE-KARANGAZI'),
(33,9,25,2020.00,'NYAGATARE-KIRAMURUZI'),
(34,9,27,1280.00,'NYAGATARE-MATIMBA'),
(35,9,11,770.00,'NYAGATARE-RUKOMO'),
(36,9,23,610.00,'NYAGATARE-RYABEGA'),
(37,10,20,3670.00,'NYABUGOGO-REMERA-KABARORE'),
(38,10,22,4440.00,'NYABUGOGO-REMERA-KARANGAZI'),
(39,10,25,3150.00,'NYABUGOGO-REMERA-KIRAMURUZI'),
(40,10,28,3190.00,'NYABUGOGO-REMERA-KIZIGURO'),
(41,10,21,5790.00,'NYABUGOGO-REMERA-KAGITUMBA'),
(42,10,27,5510.00,'NYABUGOGO-REMERA-MATIMBA'),
(43,23,21,1440.00,'RYABEGA-KAGITUMBA'),
(44,10,29,5080.00,'NYABUGOGO-REMERA-RWIMIYAGA'),
(45,10,9,4920.00,'NYABUGOGO-REMERA-NYAGATARE'),
(46,10,30,4090.00,'NYABUGOGO-REMERA-GABIRO'),
(47,10,11,5370.00,'NYABUGOGO-REMERA-NYAGATARE-RUKOMO'),
(48,2,9,3120.00,'RWAMAGANA-NYAGATARE'),
(49,10,23,4600.00,'NYABUGOGO-REMERA-RYABEGA'),
(50,9,6,3630.00,'NYAGATARE-MIMURI-GICUMBI'),
(51,10,31,5220.00,'NYABUGOGO-REMERA-RWEMPASHA'),
(52,9,31,870.00,'NYAGATARE-RWEMPASHA'),
(53,32,145,1840.00,'HUYE-AKANYARU(Bas)'),
(54,32,33,1550.00,'HUYE-AKANYARU(Haut)'),
(55,32,34,1260.00,'HUYE-GAKOMA'),
(56,32,35,480.00,'HUYE-GISAGARA'),
(57,32,36,1550.00,'HUYE-MUGOMBWA'),
(58,32,37,810.00,'HUYE-NYAMAGABE'),
(59,32,4,1070.00,'HUYE-NYANZA'),
(60,32,38,1420.00,'HUYE-NYARUGURU (NDAGO)'),
(61,32,39,1310.00,'HUYE-KIBEHO'),
(62,32,40,1410.00,'HUYE-GASARENDA'),
(63,32,41,1550.00,'HUYE-RUHANGO'),
(64,10,43,2450.00,'NYABUGOGO-BYIMANA-BUHANDA'),
(65,10,32,4020.00,'NYABUGOGO-HUYE'),
(66,10,68,1490.00,'NYABUGOGO-MUHANGA'),
(67,10,67,6970.00,'NYABUGOGO-MUSHUBI'),
(68,10,37,4870.00,'NYABUGOGO-NYAMAGABE'),
(69,10,4,2680.00,'NYABUGOGO-NYANZA'),
(70,10,69,1540.00,'NYABUGOGO-REMERA(Hospital)'),
(71,10,41,2160.00,'NYABUGOGO-RUHANGO'),
(72,68,32,2260.00,'MUHANGA-HUYE'),
(73,68,37,3050.00,'MUHANGA-NYAMAGABE'),
(74,68,41,800.00,'MUHANGA-RUHANGO'),
(75,10,71,3630.00,'NYABUGOGO-BUHANDA-BIRAMBO'),
(76,10,72,4350.00,'NYABUGOGO-BUHANDA-KADUHA'),
(77,68,74,1640.00,'MUHANGA-CYEZA-NYABIKENKE'),
(78,68,4,1190.00,'MUHANGA-NYANZA'),
(79,37,40,620.00,'NYAMAGABE-GASARENDA'),
(80,4,43,780.00,'NYANZA-GITWE-BUHANDA'),
(81,41,43,780.00,'RUHANGO-GITWE-BUHANDA'),
(82,41,37,2360.00,'RUHANGO-NYAMAGABE'),
(83,41,4,550.00,'RUHANGO-NYANZA'),
(84,37,72,2900.00,'NYAMAGABE-MANWARI-KADUHA'),
(85,10,77,1740.00,'NYABUGOGO-RUGOBAGOBA-MUGINA'),
(86,68,77,1450.00,'MUHANGA-RUGOBAGOBA-MUGINA'),
(87,76,77,730.00,'RUGOBAGOBA-MUGINA'),
(88,41,78,1160.00,'RUHANGO-KINAZI'),
(89,10,78,2900.00,'NYABUGOGO-KINAZI'),
(90,10,40,5420.00,'NYABUGOGO-HUYE-NYAMAGABE-GASARENDA'),
(91,10,79,730.00,'NYABUGOGO-KAMONYI'),
(92,80,81,780.00,'KARONGI-GISHYITA'),
(93,80,82,1900.00,'KARONGI-HANIKA'),
(94,80,83,550.00,'KARONGI-MUBUGA'),
(95,80,84,1030.00,'KARONGI-MUGONERO'),
(96,80,85,2190.00,'KARONGI-NYAMASHEKE'),
(97,80,86,2070.00,'KARONGI-TYAZO'),
(98,80,87,1390.00,'KARONGI-KARENGERA'),
(99,10,80,4030.00,'NYABUGOGO-KARONGI'),
(100,10,88,2470.00,'NYABUGOGO-NYANGE'),
(101,10,89,3030.00,'NYABUGOGO-RAMBURA'),
(102,68,89,1510.00,'MUHANGA-RAMBURA'),
(103,68,88,870.00,'MUHANGA-NYANGE'),
(104,68,80,2740.00,'MUHANGA-KARONGI'),
(105,68,90,1960.00,'MUHANGA-RUBENGERA'),
(106,10,44,3630.00,'NYABUGOGO-MUSHUBATI'),
(107,44,68,2030.00,'MUSHUBATI-MUHANGA'),
(108,44,88,2180.00,'MUSHUBATI-NYANGE'),
(109,10,91,4060.00,'NYABUGOGO-RUTSIRO'),
(110,91,68,2900.00,'RUTSIRO-MUHANGA'),
(111,91,88,2180.00,'RUTSIRO-NYANGE'),
(112,91,89,1450.00,'RUTSIRO-RAMBURA'),
(113,85,91,3640.00,'NYAMASHEKE-KARONGI-RUTSIRO'),
(114,10,85,6220.00,'NYABUGOGO-KARONGI-NYAMASHEKE'),
(115,10,94,3220.00,'NYABUGOGO-NGORORERO'),
(116,94,68,1420.00,'NGORORERO-MUHANGA'),
(117,68,92,2290.00,'MUHANGA-KABAYA'),
(118,68,93,3120.00,'MUHANGA-MUKAMIRA'),
(119,94,92,1020.00,'NGORORERO-KABAYA'),
(120,94,93,1490.00,'NGORORERO-MUKAMIRA'),
(121,92,93,780.00,'KABAYA-MUKAMIRA'),
(122,10,93,4710.00,'NYABUGOGO-MUHANGA-NGORORERO-MUKAMIRA'),
(123,10,13,1580.00,'NYABUGOGO-BASE'),
(124,10,18,1770.00,'NYABUGOGO-GAKENKE'),
(125,10,3,2800.00,'NYABUGOGO-MUSANZE'),
(126,3,6,4640.00,'MUSANZE-BURERA-GICUMBI'),
(127,3,96,770.00,'MUSANZE-CYANIKA'),
(128,3,97,1860.00,'MUSANZE-JANJA'),
(129,3,92,1650.00,'MUSANZE-KABAYA'),
(130,3,98,320.00,'MUSANZE-KINIGI'),
(131,3,93,770.00,'MUSANZE-MUKAMIRA'),
(132,3,94,2550.00,'MUSANZE-NGORORERO'),
(133,3,68,3990.00,'MUSANZE-NGORORERO-MUHANGA'),
(134,3,17,1410.00,'MUSANZE-KIDAHO-BUTARO'),
(135,3,100,940.00,'MUSANZE-VUNGA'),
(136,3,74,1570.00,'MUSANZE-NYABIKENKE'),
(137,10,93,3570.00,'NYABUGOGO-MUSANZE-MUKAMIRA'),
(138,10,17,4350.00,'NYABUGOGO-BUTARO'),
(139,10,101,2180.00,'NYABUGOGO-NYAMUGARI'),
(140,10,95,3190.00,'NYABUGOGO-BIRAMBO(BURERA)'),
(182,46,47,480.00,'KABARONDO-NGOMA'),
(183,24,46,480.00,'KAYONZA-KABARONDO'),
(184,24,47,1070.00,'KAYONZA-NGOMA'),
(185,24,48,3100.00,'KAYONZA-RUSUMO'),
(187,10,47,3350.00,'NYABUGOGO-REMERA-NGOMA'),
(188,10,2,1830.00,'NYABUGOGO-REMERA-RWAMAGANA'),
(189,47,48,1700.00,'NGOMA-RUSUMO'),
(190,47,2,1490.00,'NGOMA-RWAMAGANA'),
(191,2,24,460.00,'RWAMAGANA-KAYONZA'),
(192,2,48,3100.00,'RWAMAGANA-RUSUMO'),
(193,2,46,940.00,'RWAMAGANA-KABARONDO'),
(194,48,102,670.00,'RUSUMO-KIREHE'),
(195,48,103,970.00,'RUSUMO-GATORE'),
(196,48,104,1930.00,'RUSUMO-GASETSA'),
(197,46,48,2160.00,'KABARONDO-RUSUMO'),
(198,10,48,5150.00,'NYABUGOGO-REMERA-KAYONZA-RUSUMO'),
(199,10,49,4060.00,'NYABUGOGO-REMERA-RWAMAGANA-ZAZA'),
(200,47,102,1120.00,'NGOMA-KIREHE'),
(201,47,50,1740.00,'NGOMA-NYANKORA'),
(202,46,50,1160.00,'KABARONDO-NYANKORA'),
(203,24,50,1740.00,'KAYONZA-NYANKORA'),
(204,10,46,2900.00,'NYABUGOGO-REMERA-KABARONDO'),
(205,4,51,1800.00,'NYANZA(KICUKIRO)-BATIMENT'),
(206,4,52,1680.00,'NYANZA(KICUKIRO)-GASHORA'),
(207,4,53,750.00,'NYANZA(KICUKIRO)-NYAMATA'),
(208,4,55,1840.00,'NYANZA(KICUKIRO)-GAHEMBE-RUHUHA'),
(209,4,57,3030.00,'NYANZA(KICUKIRO)-SAKE'),
(210,4,126,1610.00,'NYANZA(KICUKIRO)-NYAMATA-RAMIRO'),
(211,4,127,2320.00,'NYANZA(KICUKIRO)-NYAMATA-NEMBA'),
(212,4,49,3700.00,'NYANZA(KICUKIRO)-NYAMATA-ZAZA'),
(213,4,58,2020.00,'NYANZA(KICUKIRO)-NYAMATA-KABUKUBA'),
(214,4,60,1740.00,'NYANZA(KICUKIRO)-NYAMATA-RIZIYERI-RILIMA'),
(215,53,57,2030.00,'NYAMATA-SAKE'),
(216,53,51,1250.00,'NYAMATA-BATIMENT'),
(217,53,52,940.00,'NYAMATA-GASHORA'),
(218,53,58,1060.00,'NYAMATA-KABUKUBA'),
(219,53,127,1550.00,'NYAMATA-NEMBA'),
(220,53,126,730.00,'NYAMATA-RAMIRO'),
(221,53,60,1070.00,'NYAMATA-RIZIYERI-RILIMA'),
(222,53,55,1330.00,'NYAMATA-GAHEMBE-RUHUHA'),
(223,53,55,1800.00,'NYAMATA-KAMABUYE-RUHUHA'),
(224,53,49,2760.00,'NYAMATA-ZAZA'),
(225,80,91,1450.00,'KARONGI-RUTSIRO'),
(226,80,61,1740.00,'KARONGI-GISIZA'),
(227,80,62,2180.00,'KARONGI-KIGEYO'),
(228,10,91,4060.00,'NYABUGOGO-RUBENGERA-RUTSIRO'),
(229,10,90,3480.00,'NYABUGOGO-RUBENGERA'),
(230,90,91,730.00,'RUBENGERA-RUTSIRO');
/*!40000 ALTER TABLE `pricestandards` ENABLE KEYS */;
UNLOCK TABLES;

--
-- Temporary table structure for view `pricestandardsdetailed`
--

DROP TABLE IF EXISTS `pricestandardsdetailed`;
/*!50001 DROP VIEW IF EXISTS `pricestandardsdetailed`*/;
SET @saved_cs_client     = @@character_set_client;
SET character_set_client = utf8;
/*!50001 CREATE VIEW `pricestandardsdetailed` AS SELECT
 1 AS `ID`,
  1 AS `fromLocation`,
  1 AS `originLocation`,
  1 AS `toLocation`,
  1 AS `destinationLocation`,
  1 AS `description`,
  1 AS `price` */;
SET character_set_client = @saved_cs_client;

--
-- Table structure for table `stations`
--

DROP TABLE IF EXISTS `stations`;
/*!40101 SET @saved_cs_client     = @@character_set_client */;
/*!40101 SET character_set_client = utf8 */;
CREATE TABLE `stations` (
  `station_id` int(11) NOT NULL,
  `station_name` varchar(255) NOT NULL,
  `station_location` int(11) DEFAULT NULL,
  PRIMARY KEY (`station_id`),
  KEY `station_location` (`station_location`),
  CONSTRAINT `stations_ibfk_1` FOREIGN KEY (`station_location`) REFERENCES `locations` (`location_id`)
) ENGINE=InnoDB DEFAULT CHARSET=latin1 COLLATE=latin1_swedish_ci;
/*!40101 SET character_set_client = @saved_cs_client */;

--
-- Dumping data for table `stations`
--

LOCK TABLES `stations` WRITE;
/*!40000 ALTER TABLE `stations` DISABLE KEYS */;
INSERT INTO `stations` VALUES
(1,'NYABUGOGO BUS STATION',1),
(2,'DOWNTOWN BUS STATION',1),
(3,'MUSANZE BUS STATION',3),
(4,'RWAMAGANA BUS STATION',2),
(5,'NYANZA BUS STATION',4),
(6,'RUBAVU BUS STATION',5);
/*!40000 ALTER TABLE `stations` ENABLE KEYS */;
UNLOCK TABLES;

--
-- Table structure for table `ticketassignments`
--

DROP TABLE IF EXISTS `ticketassignments`;
/*!40101 SET @saved_cs_client     = @@character_set_client */;
/*!40101 SET character_set_client = utf8 */;
CREATE TABLE `ticketassignments` (
  `ID` int(11) NOT NULL AUTO_INCREMENT,
  `boughtTicketID` int(11) DEFAULT NULL,
  `busID` int(11) DEFAULT NULL,
  PRIMARY KEY (`ID`),
  KEY `boughtTicketID` (`boughtTicketID`),
  KEY `busID` (`busID`),
  CONSTRAINT `ticketassignments_ibfk_1` FOREIGN KEY (`boughtTicketID`) REFERENCES `boughttickets` (`id`),
  CONSTRAINT `ticketassignments_ibfk_2` FOREIGN KEY (`busID`) REFERENCES `buses` (`id`)
) ENGINE=InnoDB AUTO_INCREMENT=35 DEFAULT CHARSET=latin1 COLLATE=latin1_swedish_ci;
/*!40101 SET character_set_client = @saved_cs_client */;

--
-- Dumping data for table `ticketassignments`
--

LOCK TABLES `ticketassignments` WRITE;
/*!40000 ALTER TABLE `ticketassignments` DISABLE KEYS */;
INSERT INTO `ticketassignments` VALUES
(1,711,4),
(2,712,3),
(3,684,3),
(4,712,1),
(5,710,1),
(6,711,1),
(7,710,4),
(8,711,4),
(9,712,4),
(10,710,4),
(11,711,4),
(12,712,4),
(13,684,7),
(14,685,7),
(15,716,1),
(16,719,1),
(17,718,1),
(18,720,7),
(19,719,7),
(20,718,6),
(21,721,4),
(22,722,4),
(23,740,4),
(24,739,4),
(25,742,4),
(26,741,4),
(27,743,4),
(28,744,4),
(29,745,4),
(30,746,4),
(31,747,4),
(32,748,4),
(33,758,4),
(34,757,4);
/*!40000 ALTER TABLE `ticketassignments` ENABLE KEYS */;
UNLOCK TABLES;

--
-- Table structure for table `ticketformats`
--

DROP TABLE IF EXISTS `ticketformats`;
/*!40101 SET @saved_cs_client     = @@character_set_client */;
/*!40101 SET character_set_client = utf8 */;
CREATE TABLE `ticketformats` (
  `id` int(11) NOT NULL AUTO_INCREMENT,
  `originLocation` int(11) DEFAULT NULL,
  `destinationLocation` int(11) DEFAULT NULL,
  `ticketTime` time NOT NULL,
  `distance` float NOT NULL,
  `duration` int(11) NOT NULL,
  `price` decimal(10,2) NOT NULL,
  `companyID` int(11) DEFAULT NULL,
  `busID` int(11) DEFAULT NULL,
  `priceStandard` int(11) DEFAULT NULL,
  PRIMARY KEY (`id`),
  KEY `originLocation` (`originLocation`),
  KEY `destinationLocation` (`destinationLocation`),
  KEY `busID` (`busID`),
  KEY `fk_ticketformats_pricestandard` (`priceStandard`),
  CONSTRAINT `fk_ticketformats_pricestandard` FOREIGN KEY (`priceStandard`) REFERENCES `pricestandards` (`ID`),
  CONSTRAINT `ticketformats_ibfk_1` FOREIGN KEY (`originLocation`) REFERENCES `locations` (`location_id`),
  CONSTRAINT `ticketformats_ibfk_2` FOREIGN KEY (`destinationLocation`) REFERENCES `locations` (`location_id`),
  CONSTRAINT `ticketformats_ibfk_3` FOREIGN KEY (`busID`) REFERENCES `buses` (`id`)
) ENGINE=InnoDB AUTO_INCREMENT=28 DEFAULT CHARSET=latin1 COLLATE=latin1_swedish_ci;
/*!40101 SET character_set_client = @saved_cs_client */;

--
-- Dumping data for table `ticketformats`
--

LOCK TABLES `ticketformats` WRITE;
/*!40000 ALTER TABLE `ticketformats` DISABLE KEYS */;
INSERT INTO `ticketformats` VALUES
(1,10,3,'15:00:00',5000,60,5000.00,160,1,125),
(2,3,4,'23:00:00',5000,70,6000.00,160,3,NULL),
(3,2,10,'12:00:00',30,30,7000.00,160,6,NULL),
(4,2,4,'15:32:00',50,60,5000.00,897,2,NULL),
(5,3,5,'12:43:00',50,60,5000.00,306,2,NULL),
(7,3,5,'16:00:00',5,60,6000.00,160,2,NULL),
(8,5,3,'16:00:00',5,70,7000.00,160,1,NULL),
(11,4,2,'03:00:00',60,120,7000.00,160,2,NULL),
(14,4,5,'16:00:00',59,60,7000.00,160,1,NULL),
(15,4,10,'13:00:00',60,60,8000.00,160,5,NULL),
(16,5,10,'21:00:00',70,60,7500.00,160,2,NULL),
(17,33,130,'16:00:00',60,30,2000.00,160,4,NULL),
(18,71,31,'13:00:00',70,50,1930.00,160,1,NULL),
(19,71,29,'03:00:00',60,50,1500.00,160,4,NULL),
(20,128,130,'14:00:00',60,30,1500.00,160,1,NULL),
(21,32,145,'16:00:00',50,60,1840.00,160,4,53),
(22,32,33,'13:00:00',50,60,1550.00,160,7,54),
(27,145,32,'13:00:00',50,60,1840.00,160,7,53);
/*!40000 ALTER TABLE `ticketformats` ENABLE KEYS */;
UNLOCK TABLES;

--
-- Table structure for table `users`
--

DROP TABLE IF EXISTS `users`;
/*!40101 SET @saved_cs_client     = @@character_set_client */;
/*!40101 SET character_set_client = utf8 */;
CREATE TABLE `users` (
  `id` int(11) NOT NULL AUTO_INCREMENT,
  `firstName` varchar(255) NOT NULL,
  `lastName` varchar(255) NOT NULL,
  `email` varchar(255) NOT NULL,
  `telephone` varchar(255) NOT NULL,
  `nationalID` varchar(255) NOT NULL,
  `password` varchar(255) NOT NULL,
  `role` varchar(255) NOT NULL,
  `companyID` int(11) DEFAULT 0,
  PRIMARY KEY (`id`),
  UNIQUE KEY `email` (`email`),
  KEY `fk_company` (`companyID`),
  CONSTRAINT `fk_company` FOREIGN KEY (`companyID`) REFERENCES `companies` (`companyID`)
) ENGINE=InnoDB AUTO_INCREMENT=28 DEFAULT CHARSET=latin1 COLLATE=latin1_swedish_ci;
/*!40101 SET character_set_client = @saved_cs_client */;

--
-- Dumping data for table `users`
--

LOCK TABLES `users` WRITE;
/*!40000 ALTER TABLE `users` DISABLE KEYS */;
INSERT INTO `users` VALUES
(1,'John','Doe','dslnnalsd@gmail.com','0788000000','100000000000000','$2b$10$Iv9f3E/3UWRIe83WN0QpAu9INx3RWJ/wkVuvGyMNpdZN558r1r8m2','CUSTOMER',0),
(2,'John','Doe','dsasdadsdsasdald@gmail.com','0792555555','650000006000000','$2b$10$KbgygozsEaE2748LTtXar.WgF9s9DsAQCqfgzqPoNQ5.hwAw4Nc4e','CUSTOMER',0),
(4,'John','Doe','sadsadas@gmail.com','0788006000','100000000000600','$2b$10$ne7uavIMDChbSUxniFMGNu/gVo1IbesC7GdeajX1fNY54.8.k3PAC','CUSTOMER',0),
(5,'Igor','Roggy','rwagapfizi04@gmail.com','+250791826733','990000000000000','$2b$10$BoZi6jfsJVWN3Po82J624OdU/WBecmaku9epyE2u8Sgd4vhj7S03S','CUSTOMER',0),
(6,'Yohana','Doe','rwagapfizi10@gmail.com','+250791826733','650000000000000','$2b$10$K6cONm1eqnvunvMpDzya0O7VvcM.h4F2tRixbOfFlXaR4D4c0.oR6','WORKER',160),
(7,'Gisa','Teta','demo123@gmail.com','0791885346','900000000000000','$2b$10$M54WsDJ.Ovg8ZLGgzULue.esniHeDqGwX3NhWuYlEpogrZT7gLnpi','CUSTOMER',0),
(12,'Jane','Doella','abc123@gmail.com','0795100000','963000000000000','$2b$10$ocdlu3KO/S3nl1yCjyHQleSUwc7NuaU871gxv5C3vx9Ccxn.UxiX6','WORKER',306),
(13,'Igor','Roggy','rwagapfiziroggy@gmail.com','0791826733','100000000200800','$2b$10$dgtAJ3EsPM5TdUXZyIXHC.MWpPWkiom.4rj34UAupd9cOpvQEm2L.','CUSTOMER',0),
(23,'John','Doeeoe','wakawaka@gmail.com','+250791826733','1000100002008004','$2b$10$L0pCgCajUrIcONd3SKwygeXorJvYiZWw7tiRV9bXfqHvf7luUna.e','WORKER',160),
(24,'Igor','Roggy','rwagapfizi@gmail.com','+250791826733','1240100022008004','$2b$10$fe/oytO.p3ddSrJG4..z6O5YRiPsvfrms8yyj9xt9xsPHQCjsZujq','CUSTOMER',0),
(26,'Mugabo','Romain','abcdef@gmail.com','+250781149892','1234567890123456','$2b$10$tizDvMt4dJflYBA8qQYxAeKPV/O9BwKTPGi4fOUvrgBmwI92NBrK2','CUSTOMER',0),
(27,'romain','muhirwa','romainmuhirwa3@gmail.com','+250791174883','9876543210123456','$2b$10$oNKFQqUOkwvidCpVOn0OzeWiGyt74PRdmJyHCOdRd.lR8CBOXYF9C','CUSTOMER',0);
/*!40000 ALTER TABLE `users` ENABLE KEYS */;
UNLOCK TABLES;

--
-- Final view structure for view `locationssorted`
--

/*!50001 DROP VIEW IF EXISTS `locationssorted`*/;
/*!50001 SET @saved_cs_client          = @@character_set_client */;
/*!50001 SET @saved_cs_results         = @@character_set_results */;
/*!50001 SET @saved_col_connection     = @@collation_connection */;
/*!50001 SET character_set_client      = utf8mb4 */;
/*!50001 SET character_set_results     = utf8mb4 */;
/*!50001 SET collation_connection      = utf8mb4_general_ci */;
/*!50001 CREATE ALGORITHM=UNDEFINED */
/*!50013 DEFINER=`root`@`localhost` SQL SECURITY DEFINER */
/*!50001 VIEW `locationssorted` AS select `locations`.`location_id` AS `location_id`,`locations`.`location_name` AS `location_name` from `locations` order by `locations`.`location_id` */;
/*!50001 SET character_set_client      = @saved_cs_client */;
/*!50001 SET character_set_results     = @saved_cs_results */;
/*!50001 SET collation_connection      = @saved_col_connection */;

--
-- Final view structure for view `pricestandardsdetailed`
--

/*!50001 DROP VIEW IF EXISTS `pricestandardsdetailed`*/;
/*!50001 SET @saved_cs_client          = @@character_set_client */;
/*!50001 SET @saved_cs_results         = @@character_set_results */;
/*!50001 SET @saved_col_connection     = @@collation_connection */;
/*!50001 SET character_set_client      = utf8mb4 */;
/*!50001 SET character_set_results     = utf8mb4 */;
/*!50001 SET collation_connection      = utf8mb4_general_ci */;
/*!50001 CREATE ALGORITHM=UNDEFINED */
/*!50013 DEFINER=`root`@`localhost` SQL SECURITY DEFINER */
/*!50001 VIEW `pricestandardsdetailed` AS select `ps`.`ID` AS `ID`,`ps`.`fromLocation` AS `fromLocation`,`loc_origin`.`location_name` AS `originLocation`,`ps`.`toLocation` AS `toLocation`,`loc_dest`.`location_name` AS `destinationLocation`,`ps`.`description` AS `description`,`ps`.`price` AS `price` from ((`pricestandards` `ps` join `locations` `loc_origin` on(`ps`.`fromLocation` = `loc_origin`.`location_id`)) join `locations` `loc_dest` on(`ps`.`toLocation` = `loc_dest`.`location_id`)) */;
/*!50001 SET character_set_client      = @saved_cs_client */;
/*!50001 SET character_set_results     = @saved_cs_results */;
/*!50001 SET collation_connection      = @saved_col_connection */;
/*!40103 SET TIME_ZONE=@OLD_TIME_ZONE */;

/*!40101 SET SQL_MODE=@OLD_SQL_MODE */;
/*!40014 SET FOREIGN_KEY_CHECKS=@OLD_FOREIGN_KEY_CHECKS */;
/*!40014 SET UNIQUE_CHECKS=@OLD_UNIQUE_CHECKS */;
/*!40101 SET CHARACTER_SET_CLIENT=@OLD_CHARACTER_SET_CLIENT */;
/*!40101 SET CHARACTER_SET_RESULTS=@OLD_CHARACTER_SET_RESULTS */;
/*!40101 SET COLLATION_CONNECTION=@OLD_COLLATION_CONNECTION */;
/*!40111 SET SQL_NOTES=@OLD_SQL_NOTES */;

-- Dump completed on 2023-10-29 14:27:30
